Log-Kategorie,Ordner,Dateiname,Fehler-Kategorie,Datum,Zeit,Severity,Type/Source,Description
rx_logs,,file_1.log,Sonstige,Sat 04.Oct. ,18:50:29.264,warning,RX process is running with elevated privileges!,
rx_logs,,file_1.log,Zeitbezogen,Sun 12.Oct. ,05:12:46.890,warning,System time changed!,
rx_logs,,file_2.log,Modul,Wed 19.Feb. ,12:48:28.391,warning,loading module 'ModDatapath' failed: linking shared object failed,
rx_logs,,file_2.log,Netzwerk,Thu 08.May. ,12:25:51.506,warning,"authenticating on '\\10.0.0.2\share_0' failed: Multiple connections to a server or shared resource by the same user, using more than one user name, are not allowed. Disconnect all previous connections to the server or shared resource and try again.",
rx_logs,,file_3.log,Netzwerk,Sat 04.Oct. ,08:42:27.986,error,transferring file from '\\10.0.0.4\share_0\GH_Integration_Delivery\SKIE_A\GH_DP4_SKIE_A_5760X1416_202510021510.mov' to '<preview>\\10.0.0.4\share_0\GH_Integration_Delivery\SKIE_A\GH_DP4_SKIE_A_5760X1416_202510021510.mov' failed: copying failed (LocalHost: unable to init copy request),
rx_logs,,file_3.log,Datei,Sat 04.Oct. ,14:07:34.892,error,End of file,
rx_logs,,file_3.log,Datei,Sat 04.Oct. ,14:08:11.602,error,7x 'End of file',
rx_logs,,file_3.log,System,Sat 04.Oct. ,14:08:29.277,error,The I/O operation has been aborted because of either a thread exit or an application request.,
rx_logs,,file_3.log,Datei,Sat 04.Oct. ,14:08:41.323,error,The file handle supplied is not valid.,
rx_logs,,file_3.log,Netzwerk,Sat 04.Oct. ,14:08:41.676,error,An existing connection was forcibly closed by the remote host.,
rx_logs,,file_3.log,Datei,Sat 04.Oct. ,14:09:11.658,error,6x 'End of file',
rx_logs,,file_3.log,Datei,Sat 04.Oct. ,14:37:38.545,error,8x 'End of file',
rx_logs,,file_3.log,Datei,Sat 04.Oct. ,14:39:38.658,error,2x 'End of file',
rx_logs,,file_3.log,System,Sat 04.Oct. ,15:00:58.890,error,3x 'The I/O operation has been aborted because of either a thread exit or an application request.',
rx_logs,,file_3.log,System,Sat 04.Oct. ,15:37:58.694,error,7x 'The I/O operation has been aborted because of either a thread exit or an application request.',
rx_logs,,file_3.log,Netzwerk,Sat 04.Oct. ,17:09:47.232,error,5x 'An existing connection was forcibly closed by the remote host.',
rx_logs,,file_3.log,System,Sat 04.Oct. ,17:26:49.190,error,5x 'The I/O operation has been aborted because of either a thread exit or an application request.',
rx_logs,,file_3.log,Netzwerk,Sun 05.Oct. ,07:44:24.556,error,6x 'An existing connection was forcibly closed by the remote host.',
rx_logs,,file_3.log,Netzwerk,Sun 05.Oct. ,07:45:24.611,error,2x 'An existing connection was forcibly closed by the remote host.',
rx_logs,,file_3.log,Datei,Sun 05.Oct. ,11:26:37.108,error,3x 'End of file',
rx_logs,,file_3.log,System,Sun 05.Oct. ,18:41:50.870,error,9x 'The I/O operation has been aborted because of either a thread exit or an application request.',
rx_logs,,file_3.log,System,Mon 06.Oct. ,16:30:36.891,error,8x 'The I/O operation has been aborted because of either a thread exit or an application request.',
rx_logs,,file_3.log,System,Mon 06.Oct. ,19:39:33.103,error,4x 'The I/O operation has been aborted because of either a thread exit or an application request.',
rx_logs,,file_3.log,Netzwerk,Tue 07.Oct. ,08:42:18.699,error,4x 'An existing connection was forcibly closed by the remote host.',
rx_logs,,file_3.log,Netzwerk,Tue 07.Oct. ,10:21:22.287,error,11x 'An existing connection was forcibly closed by the remote host.',
rx_logs,,file_3.log,System,Tue 07.Oct. ,10:30:14.826,error,2x 'The I/O operation has been aborted because of either a thread exit or an application request.',
rx_logs,,file_3.log,Datei,Tue 07.Oct. ,10:53:08.034,error,14x 'End of file',
rx_logs,,file_3.log,Datei,Tue 07.Oct. ,10:54:08.212,error,15x 'End of file',
rx_logs,,file_3.log,System,Tue 07.Oct. ,10:59:30.494,error,6x 'The I/O operation has been aborted because of either a thread exit or an application request.',
rx_logs,,file_3.log,Netzwerk,Tue 07.Oct. ,11:11:41.862,error,7x 'An existing connection was forcibly closed by the remote host.',
rx_logs,,file_3.log,Datei,Tue 07.Oct. ,13:39:46.715,error,4x 'End of file',
rx_logs,,file_3.log,Datei,Tue 07.Oct. ,13:40:46.949,error,13x 'End of file',
rx_logs,,file_3.log,Datei,Tue 07.Oct. ,13:49:47.512,error,12x 'End of file',
rx_logs,,file_3.log,Datei,Tue 07.Oct. ,14:39:50.442,error,5x 'End of file',
rx_logs,,file_3.log,Netzwerk,Tue 07.Oct. ,16:53:49.354,error,9x 'An existing connection was forcibly closed by the remote host.',
rx_logs,,file_3.log,Datei,Thu 09.Oct. ,16:08:23.341,error,10x 'End of file',
rx_logs,,file_3.log,Datei,Fri 10.Oct. ,13:44:14.791,error,9x 'End of file',
rx_logs,,file_3.log,Netzwerk,Fri 10.Oct. ,13:44:14.791,error,3x 'An existing connection was forcibly closed by the remote host.',
rx_logs,,file_3.log,Netzwerk,Fri 10.Oct. ,13:53:15.326,error,14x 'An existing connection was forcibly closed by the remote host.',
rx_logs,,file_3.log,Netzwerk,Fri 10.Oct. ,14:15:16.592,error,8x 'An existing connection was forcibly closed by the remote host.',
rx_logs,,file_3.log,Netzwerk,Sat 11.Oct. ,09:18:51.773,error,13x 'An existing connection was forcibly closed by the remote host.',
rx_logs,,file_3.log,Netzwerk,Sat 11.Oct. ,09:24:52.121,error,12x 'An existing connection was forcibly closed by the remote host.',
rx_logs,,file_4.log,Datei,Thu 28.Aug. ,16:14:01.948,error,transferring file from 'Content/...[00000-00898].mp4' to '<default>Content/...[00000-00898].mp4' failed: file not found (10.0.0.5:27102),
rx_logs,,file_4.log,Datei,Thu 28.Aug. ,16:14:27.292,error,25x similar to 'transferring file from 'Content/...+Bars_v003Data/...+Bars_DP5_v003_00005.png' to '<default>Content/...+Bars_v003\DP5\HOUS_LEDS_LOOP_Grid+Bars_DP5_v003_00005.png' failed: file not found (10.0.0.5:27102)',
rx_logs,,file_4.log,Media,Fri 29.Aug. ,11:19:28.624,error,encoding frame failed: software scaling failed,
rx_logs,,file_4.log,Media,Thu 11.Sep. ,10:58:50.540,error,decoding 'Data/.../*.mov' failed: Invalid data found when processing input,
rx_logs,,file_4.log,Media,Thu 11.Sep. ,10:58:51.679,error,75x 'decoding 'Data/.../*.mov' failed: Invalid data found when processing input',
rx_logs,,file_4.log,Netzwerk,Tue 30.Sep. ,15:57:16.546,error,transferring file from '\\10.0.0.8\share_0\cms-media\4665105-uhd_2560_1440_30fps.mp4' to '<default>\\10.0.0.8\share_0\cms-media\4665105-uhd_2560_1440_30fps.mp4' failed: file not found (10.0.0.7:27102),
rx_logs,,file_4.log,Netzwerk,Wed 01.Oct. ,02:12:45.812,error,transferring file from '\\10.0.0.8\share_0\cms-media\LEFEikw0MR_1600.jpg' to '<default>\\10.0.0.8\share_0\cms-media\LEFEikw0MR_1600.jpg' failed: host not found (10.0.0.7:27102),
rx_logs,,file_4.log,Datei,Wed 01.Oct. ,02:12:45.812,error,transferring file from 'Content/...[00000-00898].mp4' to '<default>Content/...[00000-00898].mp4' failed: host not found (10.0.0.7:27102),
rx_logs,,file_4.log,Netzwerk,Wed 01.Oct. ,02:12:45.812,error,No connection could be made because the target machine actively refused it.,
rx_logs,,file_5.log,Netzwerk,Wed 21.May. ,12:08:48.255,error,error while enumerating Data/...* : The network path was not found. (53),
rx_logs,,file_5.log,Netzwerk,Wed 21.May. ,12:08:48.255,error,transferring file from '\\10.0.0.2\share_0\cms-media\GH_DP2_SKIE_B_5760x1416_202412201302.mov' to '<default>\\10.0.0.2\share_0\cms-media\GH_DP2_SKIE_B_5760x1416_202412201302.mov' failed: file not found (localhost),
rx_logs,,file_5.log,Datei,Wed 30.Jul. ,15:29:51.267,error,transferring file from 'Projects/.../*.log' to '<bundling>Projects/.../*.log' failed: copying failed (LocalHost: error reading src file),
rx_logs,,file_5.log,Datei,Wed 30.Jul. ,15:29:51.278,error,transferring file from 'Data/...%3A\Users\Jose Veliz\Documents\smart-monkeys\Hous_PixeraSetup_SMIControls_v4\Hous_PixeraSetup_SMIControls_v4\D%3A\PX4Projects\HAS\Gentilhomme_Pixera_Project\HOUS_PixeraSetup_SMIControls_v3\D%3A\PX4Projects\HAS\2024-05-29OculusScreens\HOUS_NDisplay_v001_FD_Circular_0.fbx' to '<bundling>Data/...%3A\Users\Jose Veliz\Documents\smart-monkeys\Hous_PixeraSetup_SMIControls_v4\Hous_PixeraSetup_SMIControls_v4\D%3A\PX4Projects\HAS\Gentilhomme_Pixera_Project\HOUS_PixeraSetup_SMIControls_v3\D%3A\PX4Projects\HAS\2024-05-29OculusScreens\HOUS_NDisplay_v001_FD_Circular_0.fbx' failed: file not found (localhost),
rx_logs,,file_5.log,Datei,Wed 30.Jul. ,15:29:51.278,error,transferring file from 'Data/...%3A\Users\Jose Veliz\Documents\smart-monkeys\Hous_PixeraSetup_SMIControls_v4\Hous_PixeraSetup_SMIControls_v4\D%3A\PX4Projects\HAS\Gentilhomme_Pixera_Project\HOUS_PixeraSetup_SMIControls_v3\C%3A\Users\AVStumpfl\Desktop\HAS\Gentilhomme_Pixera_Project\C%3A\Users\Pixera\AV Stumpfl GmbH\AV Stumpfl GmbH Team Site - PIXERA_Global\Projects-Support-Key Account\Ford AV (Houston Airport)\ProjectAndMediaFiles\Pixera\GentilhommeDrive\UnrealCollab\HOU\ELEMENTS\HOUS_AirportModel_v002_EGV\fbx\HOUS_AirportModel_v002_EGV_OculusScreenSlice00.fbx' to '<bundling>Data/...%3A\Users\Jose Veliz\Documents\smart-monkeys\Hous_PixeraSetup_SMIControls_v4\Hous_PixeraSetup_SMIControls_v4\D%3A\PX4Projects\HAS\Gentilhomme_Pixera_Project\HOUS_PixeraSetup_SMIControls_v3\C%3A\Users\AVStumpfl\Desktop\HAS\Gentilhomme_Pixera_Project\C%3A\Users\Pixera\AV Stumpfl GmbH\AV Stumpfl GmbH Team Site - PIXERA_Global\Projects-Support-Key Account\Ford AV (Houston Airport)\ProjectAndMediaFiles\Pixera\GentilhommeDrive\UnrealCollab\HOU\ELEMENTS\HOUS_AirportModel_v002_EGV\fbx\HOUS_AirportModel_v002_EGV_OculusScreenSlice00.fbx' failed: file not found (localhost),
rx_logs,,file_5.log,Netzwerk,Fri 01.Aug. ,10:07:11.872,error,transferring file from 'Data/.../*.mp4' to '<default>\\10.0.0.2\share_0\cms-media\4665104-uhd_3840_2160_30fps.mp4' failed: file not found (10.0.0.5:27102),
rx_logs,,file_5.log,Netzwerk,Wed 06.Aug. ,15:20:19.318,error,transferring file from 'Data/.../*.mp4' to '<preview>\\10.0.0.2\share_0\cms-media\4665104-uhd_3840_2160_30fps.mp4' failed: file not found (10.0.0.5:27102),
rx_logs,,file_5.log,System,Wed 27.Aug. ,16:51:34.681,error,10x 'The I/O operation has been aborted because of either a thread exit or an application request.',
rx_logs,,file_5.log,Netzwerk,Wed 27.Aug. ,17:42:37.710,error,10x 'An existing connection was forcibly closed by the remote host.',
rx_logs,,file_6.log,Datei,Fri 24.Oct. ,12:41:39.786,error,transferring file from 'Data/.../*.avo' to '<bundling>Data/.../*.avo' failed: copying failed (finalizing: destination file not open),
rx_logs,,file_6.log,Datei,Fri 24.Oct. ,12:41:39.786,error,transferring file from 'Data/.../*.mov' to '<bundling>Data/.../*.mov' failed: copying failed (finalizing: destination file not open),
rx_logs,,file_6.log,Datei,Fri 24.Oct. ,12:41:39.787,error,transferring file from 'Data/.../*.png' to '<bundling>Data/.../*.png' failed: copying failed (finalizing: destination file not open),
rx_logs,,file_6.log,Datei,Fri 24.Oct. ,12:41:39.787,error,transferring file from 'Data/.../*.png' to '<bundling>Data/.../*.png' failed: copying failed (finalizing: destination file not open),
rx_logs,,file_6.log,Datei,Fri 24.Oct. ,12:41:39.934,error,14x similar to 'transferring file from 'Data/.../*.png' to '<bundling>Data/.../*.png' failed: copying failed (finalizing: destination file not open)',
rx_logs,,file_6.log,Datei,Mon 27.Oct. ,23:20:18.995,error,22x 'End of file',
rx_logs,,file_6.log,Datei,Mon 27.Oct. ,23:34:19.799,error,11x 'End of file',
pixera_hub_logs,folder_1\logs,file_7.log,Sonstige,2025-10-17,01:46:31.914,error,App.UpdateOverlay,"Error generating entries
Exception: A task was canceled."
pixera_logs,,file_8.txt,Netzwerk,Wed 08.Oct. ,01:36:18.790,error,21552x similar to 'loading '<?>\\10.0.0.8\share_0\cms-media\GH_DP6_TERA_LOOP_5476x1416_202510032056.mov' failed: opening file '\\10.0.0.8\share_0\cms-media\GH_DP6_TERA_LOOP_5476x1416_202510032056.mov' failed',
pixera_logs,,file_8.txt,Netzwerk,Wed 08.Oct. ,01:37:18.844,error,72x similar to 'loading '<?>\\10.0.0.8\share_0\cms-media\GH_DP1_TERA_OUT_5760x1416_202510032056.mov' failed: opening file '\\10.0.0.8\share_0\cms-media\GH_DP1_TERA_OUT_5760x1416_202510032056.mov' failed',
pixera_logs,,file_8.txt,Netzwerk,Wed 08.Oct. ,01:37:18.844,error,21546x similar to 'loading '<?>\\10.0.0.8\share_0\cms-media\GH_DP1_TERA_LOOP_5760x1416_202510032056.mov' failed: opening file '\\10.0.0.8\share_0\cms-media\GH_DP1_TERA_LOOP_5760x1416_202510032056.mov' failed',
pixera_logs,,file_8.txt,Netzwerk,Wed 08.Oct. ,01:38:18.896,error,21540x similar to 'loading '<?>\\10.0.0.8\share_0\cms-media\GH_DP5_TERA_LOOP_5760x1416_202510032056.mov' failed: opening file '\\10.0.0.8\share_0\cms-media\GH_DP5_TERA_LOOP_5760x1416_202510032056.mov' failed',
pixera_logs,,file_8.txt,Netzwerk,Wed 08.Oct. ,01:39:18.948,error,12x similar to 'loading '<?>\\10.0.0.8\share_0\cms-media\GH_DP1_TERA_OUT_5760x1416_202510032056.mov' failed: opening file '\\10.0.0.8\share_0\cms-media\GH_DP1_TERA_OUT_5760x1416_202510032056.mov' failed',
pixera_logs,,file_8.txt,Netzwerk,Wed 08.Oct. ,01:39:18.948,error,3966x similar to 'loading '<?>\\10.0.0.8\share_0\cms-media\GH_DP6_TERA_LOOP_5476x1416_202510032056.mov' failed: opening file '\\10.0.0.8\share_0\cms-media\GH_DP6_TERA_LOOP_5476x1416_202510032056.mov' failed',
pixera_logs,,file_8.txt,Netzwerk,Wed 08.Oct. ,09:18:59.721,error,loading '<?>\\10.0.0.8\share_0\cms-media\GH_DP1_TERA_IN_5760x1416_202510032056.mov' failed: opening file '\\10.0.0.8\share_0\cms-media\GH_DP1_TERA_IN_5760x1416_202510032056.mov' failed,
pixera_logs,,file_8.txt,Netzwerk,Wed 08.Oct. ,09:19:44.753,error,3583x similar to 'loading '<?>\\10.0.0.8\share_0\cms-media\GH_DP5_TERA_IN_5760x1416_202510032056.mov' failed: opening file '\\10.0.0.8\share_0\cms-media\GH_DP5_TERA_IN_5760x1416_202510032056.mov' failed',
pixera_logs,,file_8.txt,Netzwerk,Wed 08.Oct. ,10:58:50.298,error,30x similar to 'loading '<?>\\10.0.0.8\share_0\cms-media\GH_DP4_TERA_IN_5760x1416_202510032056.mov' failed: opening file '\\10.0.0.8\share_0\cms-media\GH_DP4_TERA_IN_5760x1416_202510032056.mov' failed',
pixera_logs,,file_8.txt,Sonstige,Thu 09.Oct. ,15:34:31.793,warning,"invalid projection matrix (LRTB: 0, 0, 0, 0 / Z-NF: 10, 5e+13)",
pixera_logs,,file_8.txt,Sonstige,Thu 09.Oct. ,16:31:58.362,error,updating render task failed: importing texture memory failed,
pixera_logs,,file_8.txt,Media,Thu 09.Oct. ,17:16:40.850,error,decoding 'Data/...%3A\GH_Integration_Delivery\MURA_STILLS\MURA_DP1_STILL.jpg' failed,
pixera_logs,,file_8.txt,Netzwerk,Thu 09.Oct. ,20:04:16.129,error,3547x similar to 'loading '<?>\\10.0.0.8\share_0\cms-media\GH_DP5_TERA_LOOP_5760x1416_202506101734.mov' failed: opening file '\\10.0.0.8\share_0\cms-media\GH_DP5_TERA_LOOP_5760x1416_202506101734.mov' failed',
pixera_logs,,file_8.txt,Netzwerk,Thu 09.Oct. ,20:08:16.363,error,210x similar to 'loading '<?>\\10.0.0.8\share_0\cms-media\GH_DP1_TERA_IN_5760x1416_202506101734.mov' failed: opening file '\\10.0.0.8\share_0\cms-media\GH_DP1_TERA_IN_5760x1416_202506101734.mov' failed',
pixera_logs,,file_8.txt,Netzwerk,Thu 09.Oct. ,20:09:16.423,error,3330x similar to 'loading '<?>\\10.0.0.8\share_0\cms-media\GH_DP2_TERA_IN_5760x1416_202506101734.mov' failed: opening file '\\10.0.0.8\share_0\cms-media\GH_DP2_TERA_IN_5760x1416_202506101734.mov' failed',
pixera_logs,,file_8.txt,Netzwerk,Thu 09.Oct. ,20:09:16.423,error,3588x similar to 'loading '<?>\\10.0.0.8\share_0\cms-media\GH_DP1_TERA_LOOP_5760x1416_202506101734.mov' failed: opening file '\\10.0.0.8\share_0\cms-media\GH_DP1_TERA_LOOP_5760x1416_202506101734.mov' failed',
pixera_logs,,file_8.txt,Netzwerk,Thu 09.Oct. ,20:14:16.713,error,3576x similar to 'loading '<?>\\10.0.0.8\share_0\cms-media\GH_DP4_TERA_IN_5760x1416_202506101734.mov' failed: opening file '\\10.0.0.8\share_0\cms-media\GH_DP4_TERA_IN_5760x1416_202506101734.mov' failed',
pixera_logs,,file_8.txt,Netzwerk,Thu 09.Oct. ,20:14:16.713,error,7176x similar to 'loading '<?>\\10.0.0.8\share_0\cms-media\GH_DP1_TERA_LOOP_5760x1416_202506101734.mov' failed: opening file '\\10.0.0.8\share_0\cms-media\GH_DP1_TERA_LOOP_5760x1416_202506101734.mov' failed',
pixera_logs,,file_8.txt,Netzwerk,Thu 09.Oct. ,20:19:17.013,error,504x similar to 'loading '<?>\\10.0.0.8\share_0\cms-media\GH_DP1_TERA_IN_5760x1416_202506101734.mov' failed: opening file '\\10.0.0.8\share_0\cms-media\GH_DP1_TERA_IN_5760x1416_202506101734.mov' failed',
pixera_logs,,file_8.txt,Netzwerk,Thu 09.Oct. ,20:19:35.508,error,3084x similar to 'loading '<?>\\10.0.0.8\share_0\cms-media\GH_DP2_TERA_IN_5760x1416_202506101734.mov' failed: opening file '\\10.0.0.8\share_0\cms-media\GH_DP2_TERA_IN_5760x1416_202506101734.mov' failed',
pixera_logs,,file_8.txt,Netzwerk,Thu 09.Oct. ,20:20:17.068,error,3534x similar to 'loading '<?>\\10.0.0.8\share_0\cms-media\GH_DP1_TERA_LOOP_5760x1416_202506101734.mov' failed: opening file '\\10.0.0.8\share_0\cms-media\GH_DP1_TERA_LOOP_5760x1416_202506101734.mov' failed',
pixera_logs,,file_8.txt,Netzwerk,Thu 09.Oct. ,20:24:17.291,error,5952x similar to 'loading '<?>\\10.0.0.8\share_0\cms-media\GH_DP1_TERA_LOOP_5760x1416_202506101734.mov' failed: opening file '\\10.0.0.8\share_0\cms-media\GH_DP1_TERA_LOOP_5760x1416_202506101734.mov' failed',
pixera_logs,,file_8.txt,Netzwerk,Thu 09.Oct. ,20:25:17.354,error,1182x similar to 'loading '<?>\\10.0.0.8\share_0\cms-media\GH_DP5_TERA_LOOP_5760x1416_202506101734.mov' failed: opening file '\\10.0.0.8\share_0\cms-media\GH_DP5_TERA_LOOP_5760x1416_202506101734.mov' failed',
pixera_logs,,file_8.txt,Netzwerk,Thu 09.Oct. ,20:54:19.083,error,6577x similar to 'loading '<?>\\10.0.0.8\share_0\cms-media\GH_DP6_TERA_LOOP_5476x1416_202506101734.mov' failed: opening file '\\10.0.0.8\share_0\cms-media\GH_DP6_TERA_LOOP_5476x1416_202506101734.mov' failed',
pixera_logs,,file_8.txt,Netzwerk,Thu 09.Oct. ,20:55:19.139,error,534x similar to 'loading '<?>\\10.0.0.8\share_0\cms-media\GH_DP6_TERA_LOOP_5476x1416_202506101734.mov' failed: opening file '\\10.0.0.8\share_0\cms-media\GH_DP6_TERA_LOOP_5476x1416_202506101734.mov' failed',
pixera_logs,,file_8.txt,Media,Fri 17.Oct. ,01:56:09.343,error,2x similar to 'decoding 'Data/...%3A\GH_Integration_Delivery\MURA_STILLS\MURA_DP6_STILL.jpg' failed',
pixera_logs,,file_8.txt,Media,Fri 17.Oct. ,03:29:36.454,error,7x similar to 'decoding 'Data/...%3A\GH_Integration_Delivery\MURA_STILLS\MURA_DP6_STILL.jpg' failed',
pixera_logs,,file_9.txt,Sonstige,Fri 26.Sep. ,14:13:40.554,warning,"invalid projection matrix (LRTB: -0.0487481, -0.0487481, 0, 0 / Z-NF: 10, 5e+13)",
pixera_logs,,file_9.txt,Sonstige,Fri 26.Sep. ,14:13:40.564,warning,"invalid projection matrix (LRTB: -7.50716e-05, -7.50716e-05, 0, 0 / Z-NF: 10, 5e+13)",
pixera_logs,,file_9.txt,Sonstige,Fri 26.Sep. ,14:13:40.564,warning,"invalid projection matrix (LRTB: 0.0678019, 0.0678019, 0, 0 / Z-NF: 10, 5e+13)",
pixera_logs,,file_9.txt,Sonstige,Fri 26.Sep. ,14:13:40.564,warning,"invalid projection matrix (LRTB: 8.12691e-05, 8.12691e-05, 0, 0 / Z-NF: 10, 5e+13)",
pixera_logs,,file_9.txt,Sonstige,Fri 26.Sep. ,14:13:40.564,warning,"invalid projection matrix (LRTB: -7.53298e-05, -7.53298e-05, 0, 0 / Z-NF: 10, 5e+13)",
pixera_logs,,file_9.txt,Sonstige,Fri 26.Sep. ,14:14:26.470,warning,"335x similar to 'invalid projection matrix (LRTB: -0.0487481, -0.0487481, 0, 0 / Z-NF: 10, 5e+13)'",
pixera_logs,,file_9.txt,Sonstige,Fri 26.Sep. ,14:14:26.470,warning,"335x similar to 'invalid projection matrix (LRTB: 8.12691e-05, 8.12691e-05, 0, 0 / Z-NF: 10, 5e+13)'",
pixera_logs,,file_9.txt,Sonstige,Fri 26.Sep. ,14:14:26.470,warning,"675x similar to 'invalid projection matrix (LRTB: -7.53298e-05, -7.53298e-05, 0, 0 / Z-NF: 10, 5e+13)'",
pixera_logs,,file_9.txt,Sonstige,Fri 26.Sep. ,14:14:26.470,warning,"675x similar to 'invalid projection matrix (LRTB: 0.0678022, 0.0678022, 0, 0 / Z-NF: 10, 5e+13)'",
pixera_logs,,file_9.txt,Sonstige,Fri 26.Sep. ,14:16:08.416,warning,"invalid projection matrix (LRTB: -nan(ind), -nan(ind), -nan(ind), -nan(ind) / Z-NF: 10, 5e+13)",
pixera_logs,,file_9.txt,Sonstige,Fri 26.Sep. ,14:16:26.585,warning,"1434x similar to 'invalid projection matrix (LRTB: -nan(ind), -nan(ind), -nan(ind), -nan(ind) / Z-NF: 10, 5e+13)'",
pixera_logs,,file_9.txt,Media,Wed 01.Oct. ,12:23:20.600,error,6x similar to 'decoding 'Data/...%3A\GH_Integration_v1\WALL_B\full_wrap_YO\GH_DP5_WALL_5760x1416_202510011022_00_00_00_01.jpg' failed',
pixera_logs,,file_9.txt,Media,Wed 01.Oct. ,12:26:20.773,error,4x similar to 'decoding 'Data/...%3A\GH_Integration_v1\WALL_B\full_wrap_YO\GH_DP3_WALL_5476x1416_202510011022_00_00_00_01.jpg' failed',
pixera_logs,,file_9.txt,Media,Wed 01.Oct. ,12:27:20.828,error,5x similar to 'decoding 'Data/...%3A\GH_Integration_v1\WALL_B\full_wrap_YO\GH_DP1_WALL_5760x1416_202510011022_00_00_00_01.jpg' failed',
pixera_logs,,file_9.txt,Sonstige,Fri 03.Oct. ,08:31:16.929,error,loading '<?>Content/.../*.png' failed: opening file 'Content/.../*.png' failed,
pixera_logs,,file_9.txt,Sonstige,Fri 03.Oct. ,08:31:57.759,error,7x similar to 'loading '<?>Content/.../*.mov' failed: opening file 'Content/.../*.mov' failed',
pixera_logs,,file_9.txt,Sonstige,Fri 03.Oct. ,20:10:23.174,error,511x similar to 'loading '<?>Data/.../*.mov' failed: opening file 'Data/.../*.mov' failed',
pixera_logs,,file_9.txt,Sonstige,Sat 04.Oct. ,00:34:54.101,error,loading '<?>Content/...[00000-00898].mp4' failed: opening file 'Content/...[00000-00898].mp4' failed,
pixera_logs,,file_9.txt,Sonstige,Sat 04.Oct. ,00:34:54.101,error,loading '<?>Content/...[00000-00898].mp4' failed: opening file 'Content/...[00000-00898].mp4' failed,
pixera_logs,,file_9.txt,Sonstige,Sat 04.Oct. ,00:34:54.101,error,loading '<?>Content/...[00000-00898].mp4' failed: opening file 'Content/...[00000-00898].mp4' failed,
pixera_logs,,file_9.txt,Sonstige,Sat 04.Oct. ,00:34:54.101,error,loading '<?>Content/...[00000-00898].mp4' failed: opening file 'Content/...[00000-00898].mp4' failed,
pixera_logs,,file_9.txt,Sonstige,Sat 04.Oct. ,00:34:54.101,error,loading '<?>Content/...[00000-00898].mp4' failed: opening file 'Content/...[00000-00898].mp4' failed,
pixera_logs,,file_9.txt,Sonstige,Sat 04.Oct. ,00:35:38.850,error,5x similar to 'loading '<?>Content/...[00000-00898].mp4' failed: opening file 'Content/...[00000-00898].mp4' failed',
pixera_logs,,file_9.txt,Sonstige,Mon 06.Oct. ,17:19:48.455,warning,"invalid projection matrix (LRTB: -nan(ind), -nan(ind), -nan(ind), -nan(ind) / Z-NF: 10, 5e+17)",
pixera_logs,,file_9.txt,Sonstige,Mon 06.Oct. ,17:20:32.745,warning,"4264x similar to 'invalid projection matrix (LRTB: -nan(ind), -nan(ind), -nan(ind), -nan(ind) / Z-NF: 10, 5e+13)'",
pixera_logs,,file_9.txt,Sonstige,Mon 06.Oct. ,17:21:32.802,warning,"3739x similar to 'invalid projection matrix (LRTB: -nan(ind), -nan(ind), -nan(ind), -nan(ind) / Z-NF: 10, 5e+13)'",
pixera_logs,,file_9.txt,Sonstige,Mon 06.Oct. ,17:22:32.857,warning,"171x similar to 'invalid projection matrix (LRTB: -nan(ind), -nan(ind), -nan(ind), -nan(ind) / Z-NF: 10, 5e+13)'",
pixera_logs,,file_9.txt,Sonstige,Mon 06.Oct. ,19:33:05.834,error,15x similar to 'loading '<?>Content/.../*.mov' failed: opening file 'Content/.../*.mov' failed',
pixera_logs,,file_9.txt,Netzwerk,Mon 06.Oct. ,19:33:05.834,error,15x similar to 'loading '<?>\\10.0.0.8\share_0\cms-media\GH_DP6_FOLI_5476x1416_202501310302.mov' failed: opening file '\\10.0.0.8\share_0\cms-media\GH_DP6_FOLI_5476x1416_202501310302.mov' failed',
pixera_logs,,file_9.txt,Sonstige,Mon 06.Oct. ,19:39:33.113,warning,"1299x similar to 'invalid projection matrix (LRTB: -nan(ind), -nan(ind), -nan(ind), -nan(ind) / Z-NF: 10, 5e+13)'",
pixera_logs,,file_9.txt,Netzwerk,Mon 06.Oct. ,22:02:17.953,error,7x similar to 'loading '<?>\\10.0.0.8\share_0\cms-media\GH_DP4_TERA_LOOP_5760x1416_202510032056.mov' failed: opening file '\\10.0.0.8\share_0\cms-media\GH_DP4_TERA_LOOP_5760x1416_202510032056.mov' failed',
pixera_logs,,file_9.txt,Netzwerk,Wed 08.Oct. ,00:55:16.659,error,3043x similar to 'loading '<?>\\10.0.0.8\share_0\cms-media\GH_DP5_CLOK_IN_5760x1416_202510012001.mov' failed: opening file '\\10.0.0.8\share_0\cms-media\GH_DP5_CLOK_IN_5760x1416_202510012001.mov' failed',
pixera_logs,,file_9.txt,Netzwerk,Wed 08.Oct. ,00:55:16.659,error,9490x similar to 'loading '<?>\\10.0.0.8\share_0\cms-media\GH_DP1_CLOK_LOOP_5760x1416_202510012001.mov' failed: opening file '\\10.0.0.8\share_0\cms-media\GH_DP1_CLOK_LOOP_5760x1416_202510012001.mov' failed',
pixera_logs,,file_9.txt,Netzwerk,Wed 08.Oct. ,00:57:16.768,error,21594x similar to 'loading '<?>\\10.0.0.8\share_0\cms-media\GH_DP6_CLOK_LOOP_5476x1416_202510012001.mov' failed: opening file '\\10.0.0.8\share_0\cms-media\GH_DP6_CLOK_LOOP_5476x1416_202510012001.mov' failed',
pixera_logs,,file_9.txt,Netzwerk,Wed 08.Oct. ,00:58:16.822,error,21558x similar to 'loading '<?>\\10.0.0.8\share_0\cms-media\GH_DP6_CLOK_LOOP_5476x1416_202510012001.mov' failed: opening file '\\10.0.0.8\share_0\cms-media\GH_DP6_CLOK_LOOP_5476x1416_202510012001.mov' failed',
pixera_logs,,file_9.txt,Netzwerk,Wed 08.Oct. ,01:01:16.987,error,3048x similar to 'loading '<?>\\10.0.0.8\share_0\cms-media\GH_DP2_CLOK_IN_5760x1416_202510012001.mov' failed: opening file '\\10.0.0.8\share_0\cms-media\GH_DP2_CLOK_IN_5760x1416_202510012001.mov' failed',
pixera_logs,,file_9.txt,Netzwerk,Wed 08.Oct. ,01:01:16.987,error,27636x similar to 'loading '<?>\\10.0.0.8\share_0\cms-media\GH_DP6_CLOK_LOOP_5476x1416_202510012001.mov' failed: opening file '\\10.0.0.8\share_0\cms-media\GH_DP6_CLOK_LOOP_5476x1416_202510012001.mov' failed',
pixera_logs,,file_9.txt,Netzwerk,Wed 08.Oct. ,01:02:17.041,error,21582x similar to 'loading '<?>\\10.0.0.8\share_0\cms-media\GH_DP6_CLOK_LOOP_5476x1416_202510012001.mov' failed: opening file '\\10.0.0.8\share_0\cms-media\GH_DP6_CLOK_LOOP_5476x1416_202510012001.mov' failed',
pixera_logs,,file_9.txt,Netzwerk,Wed 08.Oct. ,01:03:17.096,error,21570x similar to 'loading '<?>\\10.0.0.8\share_0\cms-media\GH_DP6_CLOK_LOOP_5476x1416_202510012001.mov' failed: opening file '\\10.0.0.8\share_0\cms-media\GH_DP6_CLOK_LOOP_5476x1416_202510012001.mov' failed',
pixera_logs,,file_9.txt,Netzwerk,Wed 08.Oct. ,01:05:17.205,error,27624x similar to 'loading '<?>\\10.0.0.8\share_0\cms-media\GH_DP6_CLOK_LOOP_5476x1416_202510012001.mov' failed: opening file '\\10.0.0.8\share_0\cms-media\GH_DP6_CLOK_LOOP_5476x1416_202510012001.mov' failed',
pixera_logs,,file_9.txt,Netzwerk,Wed 08.Oct. ,01:06:17.259,error,18498x similar to 'loading '<?>\\10.0.0.8\share_0\cms-media\GH_DP5_CLOK_LOOP_5760x1416_202510012001.mov' failed: opening file '\\10.0.0.8\share_0\cms-media\GH_DP5_CLOK_LOOP_5760x1416_202510012001.mov' failed',
pixera_logs,,file_9.txt,Netzwerk,Wed 08.Oct. ,01:09:17.417,error,21588x similar to 'loading '<?>\\10.0.0.8\share_0\cms-media\GH_DP6_CLOK_LOOP_5476x1416_202510012001.mov' failed: opening file '\\10.0.0.8\share_0\cms-media\GH_DP6_CLOK_LOOP_5476x1416_202510012001.mov' failed',
pixera_logs,,file_9.txt,Netzwerk,Wed 08.Oct. ,01:12:17.568,error,21564x similar to 'loading '<?>\\10.0.0.8\share_0\cms-media\GH_DP4_CLOK_LOOP_5760x1416_202510012001.mov' failed: opening file '\\10.0.0.8\share_0\cms-media\GH_DP4_CLOK_LOOP_5760x1416_202510012001.mov' failed',
pixera_logs,,file_9.txt,Netzwerk,Wed 08.Oct. ,01:16:17.769,error,973x similar to 'loading '<?>\\10.0.0.8\share_0\cms-media\GH_DP5_TERA_IN_5760x1416_202510032056.mov' failed: opening file '\\10.0.0.8\share_0\cms-media\GH_DP5_TERA_IN_5760x1416_202510032056.mov' failed',
pixera_logs,,file_9.txt,Netzwerk,Wed 08.Oct. ,01:16:38.010,error,2610x similar to 'loading '<?>\\10.0.0.8\share_0\cms-media\GH_DP2_TERA_IN_5760x1416_202510032056.mov' failed: opening file '\\10.0.0.8\share_0\cms-media\GH_DP2_TERA_IN_5760x1416_202510032056.mov' failed',
pixera_logs,,file_9.txt,Netzwerk,Wed 08.Oct. ,01:18:17.869,error,21600x similar to 'loading '<?>\\10.0.0.8\share_0\cms-media\GH_DP6_CLOK_LOOP_5476x1416_202510012001.mov' failed: opening file '\\10.0.0.8\share_0\cms-media\GH_DP6_CLOK_LOOP_5476x1416_202510012001.mov' failed',
pixera_logs,,file_9.txt,Netzwerk,Wed 08.Oct. ,01:21:18.021,error,18718x similar to 'loading '<?>\\10.0.0.8\share_0\cms-media\GH_DP6_CLOK_LOOP_5476x1416_202510012001.mov' failed: opening file '\\10.0.0.8\share_0\cms-media\GH_DP6_CLOK_LOOP_5476x1416_202510012001.mov' failed',
pixera_logs,,file_9.txt,Netzwerk,Wed 08.Oct. ,01:21:18.021,error,14x similar to 'loading '<?>\\10.0.0.8\share_0\cms-media\GH_DP3_TERA_LOOP_5476x1416_202510032056.mov' failed: opening file '\\10.0.0.8\share_0\cms-media\GH_DP3_TERA_LOOP_5476x1416_202510032056.mov' failed',
pixera_logs,,file_9.txt,Netzwerk,Wed 08.Oct. ,01:21:18.021,error,1317x similar to 'loading '<?>\\10.0.0.8\share_0\cms-media\GH_DP1_TERA_OUT_5760x1416_202510032056.mov' failed: opening file '\\10.0.0.8\share_0\cms-media\GH_DP1_TERA_OUT_5760x1416_202510032056.mov' failed',
pixera_logs,,file_9.txt,Netzwerk,Wed 08.Oct. ,01:22:18.072,error,60x similar to 'loading '<?>\\10.0.0.8\share_0\cms-media\GH_DP1_TERA_OUT_5760x1416_202510032056.mov' failed: opening file '\\10.0.0.8\share_0\cms-media\GH_DP1_TERA_OUT_5760x1416_202510032056.mov' failed',
pixera_logs,,file_9.txt,Netzwerk,Wed 08.Oct. ,01:22:18.072,error,17262x similar to 'loading '<?>\\10.0.0.8\share_0\cms-media\GH_DP1_TERA_LOOP_5760x1416_202510032056.mov' failed: opening file '\\10.0.0.8\share_0\cms-media\GH_DP1_TERA_LOOP_5760x1416_202510032056.mov' failed',
pixera_logs,,file_9.txt,Netzwerk,Wed 08.Oct. ,01:27:18.327,error,1200x similar to 'loading '<?>\\10.0.0.8\share_0\cms-media\GH_DP1_TERA_IN_5760x1416_202510032056.mov' failed: opening file '\\10.0.0.8\share_0\cms-media\GH_DP1_TERA_IN_5760x1416_202510032056.mov' failed',
pixera_logs,,file_9.txt,Netzwerk,Wed 08.Oct. ,01:28:18.379,error,2388x similar to 'loading '<?>\\10.0.0.8\share_0\cms-media\GH_DP1_TERA_IN_5760x1416_202510032056.mov' failed: opening file '\\10.0.0.8\share_0\cms-media\GH_DP1_TERA_IN_5760x1416_202510032056.mov' failed',
pixera_logs,,file_9.txt,Netzwerk,Wed 08.Oct. ,01:28:18.379,error,3660x similar to 'loading '<?>\\10.0.0.8\share_0\cms-media\GH_DP1_TERA_OUT_5760x1416_202510032056.mov' failed: opening file '\\10.0.0.8\share_0\cms-media\GH_DP1_TERA_OUT_5760x1416_202510032056.mov' failed',
pixera_logs,,file_9.txt,Netzwerk,Wed 08.Oct. ,01:28:18.379,error,25134x similar to 'loading '<?>\\10.0.0.8\share_0\cms-media\GH_DP6_TERA_LOOP_5476x1416_202510032056.mov' failed: opening file '\\10.0.0.8\share_0\cms-media\GH_DP6_TERA_LOOP_5476x1416_202510032056.mov' failed',
pixera_logs,,file_9.txt,Netzwerk,Wed 08.Oct. ,01:32:18.585,error,71x similar to 'loading '<?>\\10.0.0.8\share_0\cms-media\GH_DP1_TERA_OUT_5760x1416_202510032056.mov' failed: opening file '\\10.0.0.8\share_0\cms-media\GH_DP1_TERA_OUT_5760x1416_202510032056.mov' failed',
pixera_logs,,file_9.txt,Netzwerk,Wed 08.Oct. ,01:32:18.585,error,17892x similar to 'loading '<?>\\10.0.0.8\share_0\cms-media\GH_DP5_TERA_LOOP_5760x1416_202510032056.mov' failed: opening file '\\10.0.0.8\share_0\cms-media\GH_DP5_TERA_LOOP_5760x1416_202510032056.mov' failed',
rx_logs,,file_10.log,Sonstige,Mon 24.Feb. ,09:52:22.246,error,service 10.0.0.9:27103 disconnected unexpectedly,
rx_logs,,file_1.log,Sonstige,Tue 28.Oct. ,02:41:51.680,warning,automatically reloaded texture 'srv:Data/.../*.pfm' disappeared,
rx_logs,,file_1.log,Sonstige,Tue 28.Oct. ,07:15:31.334,warning,display sync timed out (10.0.0.10 / Output 1),
rx_logs,,file_1.log,Sonstige,Tue 28.Oct. ,07:16:00.066,warning,24x similar to 'display sync timed out (10.0.0.10 / Output 1)',
rx_logs,,file_1.log,Sonstige,Tue 28.Oct. ,07:16:01.485,fatal,DISPLAY SYNC DEADLOCKED,
rx_logs,,file_1.log,Sonstige,Tue 28.Oct. ,07:16:02.486,warning,2x similar to 'display sync timed out (10.0.0.10 / Output 1)',
rx_logs,,file_1.log,Sonstige,Tue 28.Oct. ,07:16:02.486,warning,closing window during swap,
rx_logs,,file_1.log,Sonstige,Tue 28.Oct. ,07:26:45.604,warning,26x similar to 'display sync timed out (10.0.0.10 / Output 1)',
rx_logs,,file_1.log,Sonstige,Wed 29.Oct. ,00:41:44.760,warning,20x similar to 'display sync timed out (10.0.0.10 / Output 1)',
rx_logs,,file_1.log,Sonstige,Wed 29.Oct. ,00:41:50.828,warning,6x similar to 'display sync timed out (10.0.0.10 / Output 1)',
rx_logs,,file_1.log,Netzwerk,Wed 29.Oct. ,00:44:48.894,fatal,WATCHDOG TIMEOUT,
rx_logs,,file_1.log,Sonstige,Wed 29.Oct. ,16:09:40.030,warning,15x similar to 'display sync timed out (10.0.0.10 / Output 1)',
rx_logs,,file_1.log,Sonstige,Wed 29.Oct. ,16:09:51.126,warning,11x similar to 'display sync timed out (10.0.0.10 / Output 1)',
rx_logs,,file_1.log,Datei,Sat 01.Nov. ,21:05:47.902,error,End of file,
rx_logs,,file_1.log,Zeitbezogen,Sun 02.Nov. ,01:00:01.134,warning,System time changed!,
rx_logs,,file_1.log,Sonstige,Sun 02.Nov. ,22:46:17.734,warning,10x similar to 'display sync timed out (10.0.0.10 / Output 1)',
rx_logs,,file_1.log,Sonstige,Sun 02.Nov. ,22:46:34.203,warning,16x similar to 'display sync timed out (10.0.0.10 / Output 1)',
rx_logs,,file_1.log,Sonstige,Mon 03.Nov. ,12:42:13.149,warning,4x similar to 'display sync timed out (10.0.0.10 / Output 1)',
rx_logs,,file_1.log,Sonstige,Mon 03.Nov. ,12:42:35.999,warning,22x similar to 'display sync timed out (10.0.0.10 / Output 1)',
rx_logs,,file_1.log,Sonstige,Wed 05.Nov. ,07:13:55.386,error,updating render task failed: importing texture memory failed,
rx_logs,,file_1.log,Sonstige,Wed 05.Nov. ,07:13:55.417,error,updating render task failed: importing semaphore failed,
rx_logs,,file_1.log,System,Wed 05.Nov. ,07:37:26.538,error,The I/O operation has been aborted because of either a thread exit or an application request.,
rx_logs,,file_1.log,Sonstige,Wed 05.Nov. ,08:59:54.293,warning,48x similar to 'display sync timed out (10.0.0.10 / Output 1)',
rx_logs,,file_1.log,Sonstige,Wed 05.Nov. ,09:00:54.406,warning,58x similar to 'display sync timed out (10.0.0.10 / Output 1)',
rx_logs,,file_1.log,Sonstige,Wed 05.Nov. ,09:01:54.509,warning,60x similar to 'display sync timed out (10.0.0.10 / Output 1)',
rx_logs,,file_1.log,Sonstige,Wed 05.Nov. ,09:06:55.047,warning,59x similar to 'display sync timed out (10.0.0.10 / Output 1)',
rx_logs,,file_1.log,Sonstige,Wed 05.Nov. ,09:11:55.609,warning,13x similar to 'display sync timed out (10.0.0.10 / Output 1)',
rx_logs,,file_1.log,Sonstige,Sat 08.Nov. ,00:22:49.406,warning,25x similar to 'display sync timed out (10.0.0.10 / Output 1)',
rx_logs,,file_1.log,Sonstige,Sun 09.Nov. ,23:44:33.908,warning,8x similar to 'display sync timed out (10.0.0.10 / Output 1)',
rx_logs,,file_1.log,Sonstige,Sun 09.Nov. ,23:44:52.114,warning,18x similar to 'display sync timed out (10.0.0.10 / Output 1)',
rx_logs,,file_2.log,Datei,Sat 11.Oct. ,22:13:53.602,error,transferring file from 'SHMData/.../*.pfm' to 'srv://10.0.0.5/SHMData/.../*.pfm' failed: file not found (10.0.0.5:27102),
rx_logs,,file_2.log,Datei,Sat 11.Oct. ,22:13:54.969,error,transferring file from 'SHMData/.../*.pfm' to 'srv://10.0.0.5/SHMData/.../*.pfm' failed: copying failed (Receiver: received error signal),
rx_logs,,file_2.log,Sonstige,Mon 13.Oct. ,16:21:29.007,error,"directory_iterator::directory_iterator: The system cannot find the path specified.: ""Data/...""",
rx_logs,,file_2.log,Netzwerk,Fri 17.Oct. ,01:35:48.491,error,An existing connection was forcibly closed by the remote host.,
rx_logs,,file_2.log,Sonstige,Wed 22.Oct. ,08:45:54.338,fatal,assertion 'referenced' failed in graph::GraphImpl::create_referenced_node,
rx_logs,,file_2.log,Sonstige,Wed 22.Oct. ,08:45:54.341,fatal,UNHANDLED EXCEPTION,
rx_logs,,file_2.log,Sonstige,Wed 22.Oct. ,10:29:20.840,warning,9x similar to 'display sync timed out (10.0.0.10 / Output 1)',
rx_logs,,file_2.log,Sonstige,Wed 22.Oct. ,16:32:32.163,error,loading '<?>Data/.../*.mov' failed: opening file 'Data/.../*.mov' failed,
rx_logs,,file_11.log,Sonstige,Wed 08.Oct. ,23:01:49.511,warning,23x similar to 'display sync timed out (10.0.0.10 / Output 1)',
rx_logs,,file_11.log,Sonstige,Wed 08.Oct. ,23:01:52.585,warning,3x similar to 'display sync timed out (10.0.0.10 / Output 1)',
rx_logs,,file_11.log,Sonstige,Thu 09.Oct. ,09:23:39.274,warning,7x similar to 'display sync timed out (10.0.0.10 / Output 1)',
rx_logs,,file_11.log,Sonstige,Thu 09.Oct. ,09:25:39.315,warning,5x similar to 'display sync timed out (10.0.0.10 / Output 1)',
rx_logs,,file_12.log,Sonstige,Sun 16.Nov. ,15:51:39.283,warning,14x similar to 'display sync timed out (10.0.0.10 / Output 1)',
rx_logs,,file_12.log,Sonstige,Sun 16.Nov. ,15:51:52.259,warning,12x similar to 'display sync timed out (10.0.0.10 / Output 1)',
rx_logs,,file_12.log,Sonstige,Thu 20.Nov. ,00:22:40.323,warning,17x similar to 'display sync timed out (10.0.0.10 / Output 1)',
rx_logs,,file_12.log,Sonstige,Mon 24.Nov. ,07:14:36.922,warning,19x similar to 'display sync timed out (10.0.0.10 / Output 1)',
rx_logs,,file_12.log,Sonstige,Thu 27.Nov. ,18:23:45.023,warning,21x similar to 'display sync timed out (10.0.0.10 / Output 1)',
rx_logs,,file_4.log,Datei,Fri 17.Oct. ,01:36:15.257,error,transferring file from 'Data/.../*.png' to '<default>Data/.../*.png' failed: file not found (10.0.0.7:27102),
rx_logs,,file_5.log,Datei,Wed 08.Oct. ,15:05:47.121,error,transferring file from 'Data/.../*.mov' to '<default>Data/.../*.mov' failed: file not found (10.0.0.5:27102),
